user_id,product_id,actual_price,average_rating,brand,category,crawled_at,discount,description,images,out_of_stock,pid,product_details,seller,selling_price,sub_category,title,url
1001,893e6980-f2a0-531f-b056-34dd63fe912c,"1,499",3.9,York,Clothing and Accessories,"02/10/2021, 20:11:52",66% off,"Yorker trackpants made from 100% rich combed cotton giving it a rich look.Designed for Comfort,Skin friendly fabric,itch-free waistband & great for all year round use Proudly made in India","['https://rukminim1.flixcart.com/image/128/128/kfyasnk0/track-pant/g/5/y/s-19876-yorker-original-imafwamyzrwjynkf.jpeg?q=70', 'https://rukminim1.flixcart.com/image/128/128/kfyasnk0/track-pant/g/5/y/s-19876-yorker-original-imafwamynyeuu5zq.jpeg?q=70']",FALSE,TKPFCZ9EJZV2UVRZ,"[{'Style Code': '1005BLUE'}, {'Closure': 'Drawstring, Elastic'}, {'Pockets': 'Side Pockets'}, {'Fabric': 'Cotton Blend'}, {'Pattern': 'Solid'}, {'Color': 'Blue'}]",Shyam Enterprises,499,Bottomwear,Solid Men Blue Track Pants,https://www.flipkart.com/yorker-solid-men-blue-track-pants/p/itmfczez7v6rzwer?pid=TKPFCZ9EJZV2UVRZ&lid=LSTTKPFCZ9EJZV2UVRZ9HEITU&marketplace=FLIPKART&srno=b_1_2&otracker=browse&fm=organic&iid=177a46eb-d053-4732-b3de-fcad6ff59cbd.TKPFCZ9EJZV2UVRZ.SEARCH&ssid=utkd4t3gb40000001612415717799
1001,ec6ff32a-955a-5e9e-898b-fb0b6b9c6927,399,4.2,ANGI,Clothing and Accessories,"02/10/2021, 20:12:08",29% off,"These men's socks from Acort house give comfort to your feet while on the move. The heavy cushion embedded in these socks keeps your feet comfortable and relaxed all day. All our cotton socks are knitted using the most advanced and cutting edge machines, ensuring that every sock is well crafted and comfortable. These socks are made of 80% combed cotton, which ensures that the socks are soft and breathable so that your feet remain comfortable and fresh all day long. They are 40% thicker and heavier than regular socks and are able to absorb sweat better, making them ideal for sports, athletic and casual activities. The inbuilt mesh ventilation layer improves air flow and breathability for enhanced comfort. The socks are available in a pack of 4 and come in Beige, Grey, Blue and black colours.","['https://rukminim1.flixcart.com/image/128/128/keokpe80-0/sock/c/c/m/free-socks-4ab-angira-original-imafvaxkq5cfbssr.jpeg?q=70', 'https://rukminim1.flixcart.com/image/128/128/keokpe80-0/sock/e/x/n/free-socks-4ab-angira-original-imafvaxkqxbcynhz.jpeg?q=70', 'https://rukminim1.flixcart.com/image/128/128/keokpe80-0/sock/v/o/n/free-socks-4ab-angira-original-imafvaxkzwnqkgta.jpeg?q=70']",FALSE,SOCFVCCYUDEN2AVH,"[{'Color': 'Multicolor'}, {'Pattern': 'Self Design'}, {'Ideal For': 'Men'}, {'Fabric': 'Cotton'}, {'Type': 'Ankle Length Socks'}, {'Series': 'Sport terry cotton socks'}, {'Number of Contents in Sales Package': 'Pack of 4'}, {'Style Code': 'Socks 4-AB'}, {' ': '4 Pair cotton sports socks'}, {'Generic Name': 'Socks'}, {'Country of Origin': 'India'}]",SH ENTERPRISE,280,Clothing Accessories,Men Self Design Ankle Length  (Pack of 4),https://www.flipkart.com/angira-men-self-design-ankle-length/p/itm895dfea460864?pid=SOCFVCCYUDEN2AVH&lid=LSTSOCFVCCYUDEN2AVHHF0OLU&marketplace=FLIPKART&srno=b_1_1&otracker=browse&fm=organic&iid=7a7b2905-8b65-4885-8f8a-982ea715c421.SOCFVCCYUDEN2AVH.SEARCH&ssid=25mefaocw00000001612095730040
1001,087455fa-3de2-562a-8895-db3d220970bf,"2,469",4.3,,Clothing and Accessories,"02/10/2021, 20:12:09",79% off,"Provides you nu-Lite men Necktie, Pocket Square, Cufflink. The tie is often the centerpiece of the dress, it's important to choose your tie wisely. These fashion accessory kits are a way to step up your wardrobe and make the perfect gift (even if it's for yourself). Either it is or a formal occasion, our classy accessory set will never fail to add that touch of class to your personality. You can wear this for long hours without any discomfort. The tie has sophisticated design and colour. Comes with elegant primary packing, great choice for gifting purpose. Each set comes with:","['https://rukminim1.flixcart.com/image/128/128/kf75fgw0/cufflink-tie-pin/j/j/v/men-s-silk-necktie-set-with-pocket-square-lapel-pin-and-original-imafvp26zmzkqucy.jpeg?q=70', 'https://rukminim1.flixcart.com/image/128/128/kf75fgw0/cufflink-tie-pin/j/j/v/men-s-silk-necktie-set-with-pocket-square-lapel-pin-and-original-imafvp26dapeyzhq.jpeg?q=70']",FALSE,CTPFVZTEMJWEJJJV,"[{'Model Name': ""Men's Silk Necktie Set with Pocket Square, Lapel Pin and Cufflinks""}, {'Style Code': 'nu-Lite_redorange_tie'}, {'Other Features': ""MATERIAL: Made of micro polyester with finest texture and elegant pattern which provide soft feel and glossy look and neck tie having length 60 inches and width 3 inches. QUALITY: This Rich styles in elegant design men's tie is high on quality and light in weight too. AMAZING GIFT IDEA: Comes inside a wooden box, These Axlon stylish ties for men can make the perfect gift for every man and for every occasion, so get this stunning necktie for your husband for your anniversary, your dad for Father’s Day, your brother for his birthday, your son for Christmas, or your boyfriend for Valentine’s Day and on many more occasion like Daily Dress, Birthday, Wedding, Engagement, Party, Business, Office, Meeting etc. CARE: Dry clean only. Never place ties in washer or dryer as this will ruin the fabric and damage the sewing of the tie. High density fabric,No fade,wrinkle resistance and easy to take care of.""}, {'Sales Package': '1 Tie with pocket square,Tie pin and cufflinks'}]",NextEdgeRetails,499,Clothing Accessories,nu-Lite Satin Tie & Cufflink  (Red),https://www.flipkart.com/nu-lite-satin-tie-cufflink/p/itmcaed1978977d4?pid=CTPFVZTEMJWEJJJV&lid=LSTCTPFVZTEMJWEJJJVKAOFY4&marketplace=FLIPKART&srno=b_1_1&otracker=browse&fm=organic&iid=209b8c72-a320-461f-813b-921b3ed95f20.CTPFVZTEMJWEJJJV.SEARCH&ssid=ehshou28g00000001612116336097
1001,1846e0f1-db8a-5179-98f9-2bd753887cff,"2,599",4.3,,Clothing and Accessories,"02/10/2021, 20:12:10",80% off,"We NextEdgeRetails are a professional tie manufacturer. We focus on ties for many years and In our store, we have many other styles (neckties,bow ties,tie sets,etc.) for sell which are bound to meet your needs, you can click our brand name nu-Lite to choose. Our products are famous for their comfort, durability and design because of the reliable quality, our products have been highly favored of the majority of customers. Besides they also would be perfect gifts or excellent additions to your wardrobe as well as for all fashion forward men, this tie is going to be a perfect pick. Make your Monday meetings more fun with this tie and show the world your style. Wearing an elegant man tie is an effective way to make you look charming and energetic. Be stylish and make a new style statement with nu-Lite that includes a great range of formal/casual slim neckties with pocket square for men. These ties looks good with most shirts, winning you compliments wherever you go and it. Comes with elegant primary packing of wooden box, it's a great choice for gifting purpose. Material: Wrinkle-resistant with ultra-fine POLYESTER microfiber, looks and feels like silk and even more durable OCCASIONS: nu-Lite ties collection are great choices for formal, casual and less formal occasions, such as office events, dinner dates, and simple day to day activities and also for Wedding, Engagement, Prom Ball Party, Business, Office, Meeting, Birthday Gifts, Holiday Presents, Thanks Giving, Christmas, Events Dressing. HOW TO CARE: Dry Cleaning Recommended and Before the first use please use Low Temperature Ironing to smooth the wrinkles. NOTE: In case you don't like the ties simply send them back, our team is here for any question.","['https://rukminim1.flixcart.com/image/128/128/kf75fgw0/cufflink-tie-pin/f/c/5/men-s-micro-polyester-checkered-necktie-set-with-pocket-square-original-imafvp2bzvyfnhep.jpeg?q=70', 'https://rukminim1.flixcart.com/image/128/128/kf75fgw0/cufflink-tie-pin/f/c/5/men-s-micro-polyester-checkered-necktie-set-with-pocket-square-original-imafvp2bq6hcynag.jpeg?q=70', 'https://rukminim1.flixcart.com/image/128/128/kf75fgw0/cufflink-tie-pin/f/c/5/men-s-micro-polyester-checkered-necktie-set-with-pocket-square-original-imafvp2byk9azfjk.jpeg?q=70']",FALSE,CTPFVZHSA7G4PFC5,"[{'Model Name': ""Men's Micro Polyester Checkered Necktie Set with Pocket Square and Lapel Pin""}, {'Style Code': 'NL-Check-1'}, {'Other Features': 'AMAZING GIFT IDEA: Comes inside a wooden box, These nu-Lite stylish ties for men can make the perfect gift for every man and for every occasion, so get this stunning necktie for your husband for your anniversary, your dad for Father’s Day, your brother for his birthday, your son for Christmas, or your boyfriend for Valentine’s Day and on many more occasion like Daily Dress, Birthday, Wedding, Engagement, Party, Business, Office, Meeting etc. CARE: Dry clean only. Never place ties in washer or dryer as this will ruin the fabric and damage the sewing of the tie. High density fabric,No fade,wrinkle resistance and easy to take care of.'}, {'Sales Package': '1 Tie with other accessories.'}]",NextEdgeRetails,499,Clothing Accessories,nu-Lite Satin Tie & Cufflink  (Grey),https://www.flipkart.com/nu-lite-satin-tie-cufflink/p/itm257b695e341c7?pid=CTPFVZHSA7G4PFC5&lid=LSTCTPFVZHSA7G4PFC5MP7E3N&marketplace=FLIPKART&srno=b_1_4&otracker=browse&fm=organic&iid=209b8c72-a320-461f-813b-921b3ed95f20.CTPFVZHSA7G4PFC5.SEARCH&ssid=ehshou28g00000001612116336097
1002,d85d1404-f4ff-5c58-ad2d-953200722135,2599,4.5,,Clothing and Accessories,"02/10/2021, 20:12:13",80% off,"We are professional tie manufacturer. We focus on ties for many years and In our store, we have many other styles (neckties,bow ties,tie sets,etc.) for sell which are bound to meet your needs, you can click our brand name nu-Lite to choose. Our products are famous for their comfort, durability and design because of the reliable quality, our products have been highly favored of the majority of customers. Besides they also would be perfect gifts or excellent additions to your wardrobe as well as for all fashion forward men, this tie is going to be a perfect pick. Make your Monday meetings more fun with this tie and show the world your style. Wearing an elegant man tie is an effective way to make you look charming and energetic. Be stylish and make a new style statement with nu-Lite that includes a great range of formal/casual slim neckties with pocket square for men. These ties looks good with most shirts, winning you compliments wherever you go and it. Comes with elegant primary packing of wooden box, it's a great choice for gifting purpose. Material: Wrinkle-resistant with ultra-fine POLYESTER microfiber, looks and feels like silk and even more durable OCCASIONS: nu-Lite ties collection are great choices for formal, casual and less formal occasions, such as office events, dinner dates, and simple day to day activities and also for Wedding, Engagement, Prom Ball Party, Business, Office, Meeting, Birthday Gifts, Holiday Presents, Thanks Giving, Christmas, Events Dressing. HOW TO CARE: Dry Cleaning Recommended and Before the first use please use Low Temperature Ironing to smooth the wrinkles. NOTE: In case you don't like the ties simply send them back, our team is here for any question.","['https://rukminim1.flixcart.com/image/128/128/kfbfr0w0/cufflink-tie-pin/e/h/d/men-s-micro-polyester-necktie-set-with-pocket-square-and-lapel-original-imafvt65cgf5eyph.jpeg?q=70', 'https://rukminim1.flixcart.com/image/128/128/kfbfr0w0/cufflink-tie-pin/e/h/d/men-s-micro-polyester-necktie-set-with-pocket-square-and-lapel-original-imafvt657qzjjtna.jpeg?q=70', 'https://rukminim1.flixcart.com/image/128/128/kfbfr0w0/cufflink-tie-pin/e/h/d/men-s-micro-polyester-necktie-set-with-pocket-square-and-lapel-original-imafvt65p4u3ufyw.jpeg?q=70']",FALSE,CTPFVSU7CXFCXEHD,"[{'Model Name': ""Men's Micro Polyester Necktie Set with Pocket Square and Lapel Pin""}, {'Style Code': 'NL-Micro-10'}, {'Sales Package': '1 Tie with other accessories.'}]",NextEdgeRetails,499,Clothing Accessories,nu-Lite Satin Tie & Cufflink  (Blue),https://www.flipkart.com/nu-lite-satin-tie-cufflink/p/itm745651f8fce17?pid=CTPFVSU7CXFCXEHD&lid=LSTCTPFVSU7CXFCXEHDH9H0MM&marketplace=FLIPKART&srno=b_1_9&otracker=browse&fm=organic&iid=209b8c72-a320-461f-813b-921b3ed95f20.CTPFVSU7CXFCXEHD.SEARCH&ssid=ehshou28g00000001612116336097
1002,db53a2e8-3b7d-59fb-9aa9-f8c1b4492e7b,"3,299",4.3,,Clothing and Accessories,"02/10/2021, 20:12:14",72% off,"Wearing an elegant man tie is an effective way to make you look charming and energetic. nu-Lite includes an amazing range of formal/casual slim neckties with pocket square for men. Further the classy & stylish appeal of these ties will certainly appeal to all & is bound to turn all heads. Adding complementing pocket square will enhance overall attire. It looks great with any dress or button up shirt. We have an enormous selection of ties to choose from, you can find the most elegant necktie designs and colors for each season of the year. These ties looks good with most shirts, winning you compliments wherever you go. Comes with elegant primary packing, great choice for gifting purpose. Each set comes with:","['https://rukminim1.flixcart.com/image/128/128/kf75fgw0/cufflink-tie-pin/r/u/p/formal-casual-printed-polyester-necktie-set-with-pocket-square-original-imafvp263pyqauzh.jpeg?q=70', 'https://rukminim1.flixcart.com/image/128/128/kf75fgw0/cufflink-tie-pin/r/u/p/formal-casual-printed-polyester-necktie-set-with-pocket-square-original-imafvp2656hhwwyq.jpeg?q=70', 'https://rukminim1.flixcart.com/image/128/128/kf75fgw0/cufflink-tie-pin/r/u/p/formal-casual-printed-polyester-necktie-set-with-pocket-square-original-imafvp26zgrhc3yj.jpeg?q=70']",FALSE,CTPFVZT7EFZWVRUP,"[{'Model Name': 'Formal/Casual Printed Polyester Necktie Set with Pocket Square, Lapel Pin and Cufflinks for Men'}, {'Style Code': 'nu-Lite_Tie_10'}, {'Other Features': ""Slim tie having length 60 inches and width 3 inches. Made of polyester fabric, this men's tie is high on quality and light in weight too. It can be the best gift for yourself and friends. Care Instructions: Gentle Hand Wash. Great to wear for formal events, weddings bells, parties so you can stand out in the crowd""}, {'Sales Package': '1 Tie with pocket square,Tie pin and cufflinks'}]",NextEdgeRetails,899,Clothing Accessories,nu-Lite Satin Tie & Cufflink  (Blue),https://www.flipkart.com/nu-lite-satin-tie-cufflink/p/itm7a62287f4080b?pid=CTPFVZT7EFZWVRUP&lid=LSTCTPFVZT7EFZWVRUP78RSFY&marketplace=FLIPKART&srno=b_1_11&otracker=browse&fm=organic&iid=209b8c72-a320-461f-813b-921b3ed95f20.CTPFVZT7EFZWVRUP.SEARCH&ssid=ehshou28g00000001612116336097
1002,26d4373c-6e5a-5106-bd31-07175e83a8c9,"2,199",3.7,Man,Clothing and Accessories,"02/10/2021, 20:13:01",81% off,"MANRA present you stylish wollen ponchos, shawls,Cardgan, Pullovers which can be wear in any occasions(party ,work,festival etc).Stay warm and look stylish this winter         in our new collection of woolen poncho  for you. All the designs are specially crafted. PONCHO IS A SOFT 'FINE KNIT WITH A NECK LACE AND OPEN SIDES.          Made from the fine quality of acrylic wool,it gives you a cozy and soft  feel all day  long .IT is a free size garment fits from medium to xxl size .","['https://rukminim1.flixcart.com/image/128/128/kirr24w0-0/sweater/g/6/b/l-men-zipper-design-dark-grey-100-2-manra-original-imafyhnfmm4hvaha.jpeg?q=70', 'https://rukminim1.flixcart.com/image/128/128/kirr24w0-0/sweater/f/x/y/l-men-zipper-design-dark-grey-100-2-manra-original-imafyhnfsrkayzkc.jpeg?q=70', 'https://rukminim1.flixcart.com/image/128/128/kirr24w0-0/sweater/y/t/f/l-men-zipper-design-dark-grey-100-2-manra-original-imafyhnf6kte6fah.jpeg?q=70', 'https://rukminim1.flixcart.com/image/128/128/kirr24w0-0/sweater/v/u/u/l-men-zipper-design-dark-grey-100-2-manra-original-imafyhnfyg5fx7by.jpeg?q=70', 'https://rukminim1.flixcart.com/image/128/128/kirr24w0-0/sweater/r/c/3/l-men-zipper-design-dark-grey-100-2-manra-original-imafyhnfgsnxpqb5.jpeg?q=70']",FALSE,SWTFYHNFFQMQ5PHC,"[{'Color': 'Grey, Black'}, {'Fabric': 'Wool Blend'}, {'Neck': 'Collared Neck'}, {'Pattern': 'Striped'}, {'Sleeve': 'Full Sleeve'}, {'Style Code': 'MEN ZIPPER DESIGN DARK GREY 100/2'}, {'Suitable For': 'Western Wear'}, {'Closure': 'Zipper'}, {'Fabric Care': 'Cold Water Wash Only'}, {'Pack of': '1'}, {'Ideal For': 'Men'}, {'Generic Name': 'Sweater'}, {'Country of Origin': 'India'}]",SHAKTICREATION,399,Winter Wear,"Striped Collared Neck Casual Men Grey, Black Sweater",https://www.flipkart.com/manra-striped-collared-neck-casual-men-grey-black-sweater/p/itmae929da2e3a86?pid=SWTFYHNFFQMQ5PHC&lid=LSTSWTFYHNFFQMQ5PHCUYUAVC&marketplace=FLIPKART&srno=b_1_2&otracker=browse&fm=organic&iid=0f3b6d48-c1ad-4725-8feb-92f5d8321831.SWTFYHNFFQMQ5PHC.SEARCH&ssid=14u56zojjk0000001612113908106
1002,64508bdf-5080-541f-86f7-845e6852c203,"1,499",4.3,DISCOUNT OUTL,Clothing and Accessories,"02/10/2021, 20:13:13",73% off,"Crafted in a pure cotton fabric, this long-sleeved, tailored-fit modern shirt to keep you in sync with high fashion and with wedding and other occasion, it will keep you comfortable all day long. This classic shirt gives you a clean and classy look while also making you feel comfortable. It enhances your look and makes you stylish when you wear this as college wear, casual wear and office wear.","['https://rukminim1.flixcart.com/image/128/128/ke1pnrk0-0/shirt/2/2/v/xxl-s-103-chocolate-raleis-original-imafutddzn3ntpuc.jpeg?q=70', 'https://rukminim1.flixcart.com/image/128/128/ke1pnrk0-0/shirt/z/v/i/xxl-s-103-chocolate-raleis-original-imafutdqxrrm2gff.jpeg?q=70', 'https://rukminim1.flixcart.com/image/128/128/kdxfc7k0-0/shirt/8/w/w/xxl-s-103-chocolate-raleis-original-imafuq9kcerhz3ka.jpeg?q=70', 'https://rukminim1.flixcart.com/image/128/128/kdxfc7k0-0/shirt/p/c/z/m-s-103-chocolate-raleis-original-imafuq9hmsgvzz8r.jpeg?q=70']",FALSE,SHTFVVEHGJJTM4QN,"[{'Pack of': '1'}, {'Style Code': 'S_103_CHOCOLATE'}, {'Fit': 'Tailored'}, {'Fabric': 'Cotton Blend'}, {'Sleeve': 'Full Sleeve'}, {'Pattern': 'Solid'}, {'Reversible': 'No'}, {'Color': 'Brown'}, {'Fabric Care': 'Regular Machine Wash'}, {'Suitable For': 'Western Wear'}, {'Other Details': 'Enhance your look by wearing this trendy shirt. Team it with a pair of Ripped Denim, Casual trousers and chinos.'}, {'Generic Name': 'Shirt'}, {'Country of Origin': 'India'}]",S P TRADERS,399,Topwear,Men Tailored Fit Solid Casual Shirt,https://www.flipkart.com/discount-outlet-men-solid-casual-brown-shirt/p/itm664297b08db24?pid=SHTFVVEHGJJTM4QN&lid=LSTSHTFVVEHGJJTM4QNHRTSYF&marketplace=FLIPKART&srno=b_1_5&otracker=browse&fm=organic&iid=317571af-c30a-4714-a89a-762fc1c908b7.SHTFVVEHGJJTM4QN.SEARCH&ssid=yubhd0rscw0000001612103636873
1003,485e5c62-169e-5b53-a01f-27a20979bc5c,569,3.8,DISCOUNT OUTL,Clothing and Accessories,"02/10/2021, 20:13:14",47% off,"The Superior quality cotton blend polo neck tee is perfect for comfort wear. It will keep you comfortable all day long. It enhances your look and makes you stylish when you wear this as college wear, casual wear and office wear.","['https://rukminim1.flixcart.com/image/128/128/kikluvk0-0/t-shirt/r/o/o/m-t110-orange-discount-outlet-original-imafyc82nrk2zc5w.jpeg?q=70', 'https://rukminim1.flixcart.com/image/128/128/kikluvk0-0/t-shirt/j/n/t/m-t110-orange-discount-outlet-original-imafyc82mmqt2y5m.jpeg?q=70', 'https://rukminim1.flixcart.com/image/128/128/kikluvk0-0/t-shirt/q/e/t/m-t110-orange-discount-outlet-original-imafyc82mr9rghg8.jpeg?q=70', 'https://rukminim1.flixcart.com/image/128/128/kikluvk0-0/t-shirt/b/n/x/xxl-t110-orange-discount-outlet-original-imafyc82hbcvg7pp.jpeg?q=70']",FALSE,TSHFYC82QKRSV6ZA,"[{'Type': 'Polo Neck'}, {'Sleeve': 'Half Sleeve'}, {'Fit': 'Regular'}, {'Fabric': 'Cotton Blend'}, {'Pack of': '1'}, {'Style Code': 'T110_ORANGE'}, {'Neck Type': 'Polo Neck'}, {'Ideal For': 'Men'}, {'Size': 'XXL'}, {'Pattern': 'Self Design'}, {'Suitable For': 'Western Wear'}, {'Sleeve Type': 'Narrow'}, {'Reversible': 'No'}, {'Fabric Care': 'Gentle Machine Wash'}, {'Brand Color': 'Orange'}]",S P TRADERS,297,Topwear,Self Design Men Polo Neck Orange T-Shirt,https://www.flipkart.com/discount-outlet-self-design-men-polo-neck-orange-t-shirt/p/itm70f580a68098c?pid=TSHFYC82QKRSV6ZA&lid=LSTTSHFYC82QKRSV6ZA2AEY7W&marketplace=FLIPKART&srno=b_1_6&otracker=browse&fm=organic&iid=317571af-c30a-4714-a89a-762fc1c908b7.TSHFYC82QKRSV6ZA.SEARCH&ssid=yubhd0rscw0000001612103636873
1003,f336aaa5-7b6f-5ee1-a27d-d79527e3703f,"1,999",3.9,adidas Origina,Clothing and Accessories,"02/10/2021, 20:13:59",33% off,This adidas Originals Trefoil Tee puts the Trefoil logo front and center in a bold contrast color to show off adidas pride. The men's t-shirt has an all-cotton build for a classic fit and feel.,"['https://rukminim1.flixcart.com/image/128/128/k070zgw0/t-shirt/g/y/h/m-cy4574-adidas-originals-original-imafkfbnmb8yze5y.jpeg?q=70', 'https://rukminim1.flixcart.com/image/128/128/k070zgw0/t-shirt/g/y/h/m-cy4574-adidas-originals-original-imafkfbhkeypdnbw.jpeg?q=70', 'https://rukminim1.flixcart.com/image/128/128/k070zgw0/t-shirt/g/y/h/m-cy4574-adidas-originals-original-imafkfbuqctahfby.jpeg?q=70', 'https://rukminim1.flixcart.com/image/128/128/k070zgw0/t-shirt/g/y/h/m-cy4574-adidas-originals-original-imafkfbsmyrgrvfv.jpeg?q=70', 'https://rukminim1.flixcart.com/image/128/128/k070zgw0/t-shirt/g/y/h/m-cy4574-adidas-originals-original-imafkfbsydaw9uju.jpeg?q=70', 'https://rukminim1.flixcart.com/image/128/128/k070zgw0/t-shirt/g/y/h/m-cy4574-adidas-originals-original-imafkfbqgxyhzgha.jpeg?q=70']",FALSE,TSHFEFDH45GYQBXS,"[{'Type': 'Round Neck'}, {'Sleeve': 'Short Sleeve'}, {'Fit': 'Regular'}, {'Fabric': 'Cotton Viscose Blend'}, {'Pack of': '1'}, {'Style Code': 'CY4574'}, {'Neck Type': 'Round Neck'}, {'Ideal For': 'Men'}, {'Size': 'L'}, {'Pattern': 'Sporty'}, {'Suitable For': 'Western Wear'}, {'Brand Fit': 'Regular'}, {'Reversible': 'No'}, {'Fabric Care': 'Machine wash as per tag'}, {'Model Name': 'TREFOIL T-SHIRT'}, {'Brand Color': 'MGREYH'}]",RetailNet,"1,339",Topwear,Sporty Men Round Neck Grey T-Shirt,https://www.flipkart.com/adidas-originals-sporty-men-round-neck-grey-t-shirt/p/itmfefdhkjxjz7df?pid=TSHFEFDH45GYQBXS&lid=LSTTSHFEFDH45GYQBXSOVAJ0U&marketplace=FLIPKART&srno=b_1_1&otracker=browse&fm=organic&iid=en_jUEa%2BLctQMYxPH0mc73Rh5gYfFo7k51YNAJVO3xV5fC4DuQsoYh67w0YIeIkq87PoHkZ2vx9%2B7hzH9KPMu03lQ%3D%3D&ssid=tgz5xs1ehc0000001612094268502
1003,0f55ebb2-dee8-5fca-b708-bb6b897dbf5e,"4,599",4,adidas Origina,Clothing and Accessories,"02/10/2021, 20:14:00",28% off,An iconic warm-up style takes to the streets. These track pants honour their '90s roots with a casual fit and classic build made of polyester tricot.,"['https://rukminim1.flixcart.com/image/128/128/k05ljm80/track-pant/n/f/p/m-ed6897-adidas-originals-original-imafky98geme2dfg.jpeg?q=70', 'https://rukminim1.flixcart.com/image/128/128/k05ljm80/track-pant/n/f/p/m-ed6897-adidas-originals-original-imafky98tc42tyeq.jpeg?q=70', 'https://rukminim1.flixcart.com/image/128/128/k05ljm80/track-pant/n/f/p/m-ed6897-adidas-originals-original-imafky986zgmhg2r.jpeg?q=70', 'https://rukminim1.flixcart.com/image/128/128/k05ljm80/track-pant/n/f/p/m-ed6897-adidas-originals-original-imafky98ctbnnmcg.jpeg?q=70', 'https://rukminim1.flixcart.com/image/128/128/k05ljm80/track-pant/n/f/p/m-ed6897-adidas-originals-original-imafky98gtmhqxmx.jpeg?q=70', 'https://rukminim1.flixcart.com/image/128/128/k05ljm80/track-pant/n/f/p/m-ed6897-adidas-originals-original-imafky98j3jayhbk.jpeg?q=70']",FALSE,TKPFGP48RBBKAGSZ,"[{'Style Code': 'ED6897'}, {'Fabric': 'Polyester'}, {'Pattern': 'Striped'}, {'Color': 'Black'}]",RetailNet,"3,311",Bottomwear,Striped Men Black Track Pants,https://www.flipkart.com/adidas-originals-striped-men-black-track-pants/p/itm2863a1866ff46?pid=TKPFGP48RBBKAGSZ&lid=LSTTKPFGP48RBBKAGSZ1TCNKQ&marketplace=FLIPKART&srno=b_1_4&otracker=browse&fm=organic&iid=dcad287e-3d1f-49d1-a819-813d6e6f7f04.TKPFGP48RBBKAGSZ.SEARCH&ssid=tgz5xs1ehc0000001612094268502
1003,bf1b7a70-6b45-563a-abed-04621c5ed69a,"1,999",3.7,adidas Origina,Clothing and Accessories,"02/10/2021, 20:14:03",47% off,Stealthy and sporty. Just like you. An embroidered Trefoil logo in a camouflage print puts a fresh spin on this adidas t-shirt. All-cotton jersey feels soft.,"['https://rukminim1.flixcart.com/image/128/128/k7xnukw0/t-shirt/c/k/r/m-fm3352-adidas-originals-original-imafqfum7azmt8pq.jpeg?q=70', 'https://rukminim1.flixcart.com/image/128/128/k7xnukw0/t-shirt/c/k/r/m-fm3352-adidas-originals-original-imafqfumfbgmm39z.jpeg?q=70', 'https://rukminim1.flixcart.com/image/128/128/k7xnukw0/t-shirt/c/k/r/m-fm3352-adidas-originals-original-imafqfumqz74yyvn.jpeg?q=70', 'https://rukminim1.flixcart.com/image/128/128/k7z3afk0/t-shirt/c/k/r/m-fm3352-adidas-originals-original-imafqfumsudwmzdn.jpeg?q=70', 'https://rukminim1.flixcart.com/image/128/128/k7xnukw0/t-shirt/c/k/r/m-fm3352-adidas-originals-original-imafqfumzxy3xumk.jpeg?q=70', 'https://rukminim1.flixcart.com/image/128/128/k7xnukw0/t-shirt/c/k/r/m-fm3352-adidas-originals-original-imafqfumxmtenzsz.jpeg?q=70']",TRUE,TSHFZF6K8RPHSGYP,"[{'Type': 'Round Neck'}, {'Sleeve': 'Short Sleeve'}, {'Fit': 'Regular'}, {'Fabric': 'Cotton Viscose Blend'}, {'Pack of': '1'}, {'Style Code': 'FM3352'}, {'Neck Type': 'Round Neck'}, {'Ideal For': 'Men'}, {'Size': 'XXL'}, {'Pattern': 'Solid'}, {'Suitable For': 'Western Wear'}, {'Brand Fit': 'Regular'}, {'Reversible': 'No'}, {'Fabric Care': 'Machine wash as per tag, Do not bleach'}, {'Model Name': 'CAMO ESS T'}, {'Brand Color': 'BLACK'}]",,"1,049",Topwear,Solid Men Round Neck Black T-Shirt,https://www.flipkart.com/adidas-originals-solid-men-round-neck-black-t-shirt/p/itm98492e8a67c68?pid=TSHFZF6K8RPHSGYP&lid=LSTTSHFZF6K8RPHSGYPE4TO7Q&marketplace=FLIPKART&srno=b_1_8&otracker=browse&fm=organic&iid=dcad287e-3d1f-49d1-a819-813d6e6f7f04.TSHFZF6K8RPHSGYP.SEARCH&ssid=tgz5xs1ehc0000001612094268502
,510e5072-7879-5f7e-8765-15149b74fa08,"2,699",4.5,adidas Origina,Clothing and Accessories,"02/10/2021, 20:14:03",33% off,"Take your look to another dimension. An homage to heritage, this allover monogram-print adidas Originals short sleeve t-shirt features a 3D cube design. Alternating Trefoil logos create a sporty look fresh for the streets.","['https://rukminim1.flixcart.com/image/128/128/k7p37gw0/t-shirt/3/f/9/l-fm3422-adidas-originals-original-imafpvmhbnxxjgz5.jpeg?q=70', 'https://rukminim1.flixcart.com/image/128/128/k7p37gw0/t-shirt/3/f/9/m-fm3422-adidas-originals-original-imafpv3h4sfz7qgu.jpeg?q=70', 'https://rukminim1.flixcart.com/image/128/128/k7p37gw0/t-shirt/3/f/9/l-fm3422-adidas-originals-original-imafpvmhdsygshdu.jpeg?q=70', 'https://rukminim1.flixcart.com/image/128/128/k7p37gw0/t-shirt/3/f/9/m-fm3422-adidas-originals-original-imafpv3hgdutthvv.jpeg?q=70', 'https://rukminim1.flixcart.com/image/128/128/k7p37gw0/t-shirt/3/f/9/l-fm3422-adidas-originals-original-imafpvmh8bahknhu.jpeg?q=70', 'https://rukminim1.flixcart.com/image/128/128/k7p37gw0/t-shirt/3/f/9/m-fm3422-adidas-originals-original-imafpv3hknth7xbc.jpeg?q=70', 'https://rukminim1.flixcart.com/image/128/128/k7p37gw0/t-shirt/3/f/9/m-fm3422-adidas-originals-original-imafpv3hpn5xbn6h.jpeg?q=70', 'https://rukminim1.flixcart.com/image/128/128/k7p37gw0/t-shirt/3/f/9/l-fm3422-adidas-originals-original-imafpvmh2nsaa43g.jpeg?q=70', 'https://rukminim1.flixcart.com/image/128/128/k7p37gw0/t-shirt/3/f/9/m-fm3422-adidas-originals-original-imafpv3hwbxjf54s.jpeg?q=70', 'https://rukminim1.flixcart.com/image/128/128/k7p37gw0/t-shirt/3/f/9/l-fm3422-adidas-originals-original-imafpvmhaeavnz8x.jpeg?q=70', 'https://rukminim1.flixcart.com/image/128/128/k7p37gw0/t-shirt/3/f/9/m-fm3422-adidas-originals-original-imafpv3h8xahhr2c.jpeg?q=70', 'https://rukminim1.flixcart.com/image/128/128/k7p37gw0/t-shirt/3/f/9/l-fm3422-adidas-originals-original-imafpvmhhrnf4yse.jpeg?q=70']",FALSE,TSHFZF6K5SGFNZCP,"[{'Type': 'Round Neck'}, {'Sleeve': 'Short Sleeve'}, {'Fit': 'Regular'}, {'Fabric': 'Cotton Viscose Blend'}, {'Pack of': '1'}, {'Style Code': 'FM3422'}, {'Neck Type': 'Round Neck'}, {'Ideal For': 'Men'}, {'Size': 'L'}, {'Pattern': 'Geometric Print'}, {'Suitable For': 'Western Wear'}, {'Brand Fit': 'Regular'}, {'Reversible': 'No'}, {'Fabric Care': 'Machine wash as per tag'}, {'Model Name': 'MONO AOP TEE'}, {'Brand Color': 'NMARIN/NINDIG'}]",RetailNet,"1,808",Topwear,Geometric Print Men Round Neck Dark Blue T-Shirt,https://www.flipkart.com/adidas-originals-geometric-print-men-round-neck-dark-blue-t-shirt/p/itm6fa11e350c929?pid=TSHFZF6K5SGFNZCP&lid=LSTTSHFZF6K5SGFNZCPHLRMRA&marketplace=FLIPKART&srno=b_1_9&otracker=browse&fm=organic&iid=dcad287e-3d1f-49d1-a819-813d6e6f7f04.TSHFZF6K5SGFNZCP.SEARCH&ssid=tgz5xs1ehc0000001612094268502
,99c4e212-bd9b-5215-b018-619e7ec1f603,"1,999",4.2,adidas Origina,Clothing and Accessories,"02/10/2021, 20:14:06",33% off,"The adidas Trefoil first appeared on the scene in 1972, and it continues to make its mark. This archive-inspired t-shirt celebrates the symbol's legacy. It's made of cotton jersey for a soft feel.","['https://rukminim1.flixcart.com/image/128/128/kfoapow0-0/t-shirt/w/3/d/m-fm3793-adidas-originals-original-imafw2jyzxzknwwe.jpeg?q=70', 'https://rukminim1.flixcart.com/image/128/128/k7xnukw0/t-shirt/9/j/3/m-fm3793-adidas-originals-original-imafqfm86fjfj5nh.jpeg?q=70', 'https://rukminim1.flixcart.com/image/128/128/k7xnukw0/t-shirt/9/j/3/m-fm3793-adidas-originals-original-imafqfm8a59brkfn.jpeg?q=70', 'https://rukminim1.flixcart.com/image/128/128/k7xnukw0/t-shirt/9/j/3/m-fm3793-adidas-originals-original-imafqfm8bzbj58jr.jpeg?q=70', 'https://rukminim1.flixcart.com/image/128/128/k7xnukw0/t-shirt/9/j/3/m-fm3793-adidas-originals-original-imafqfm8fgqghh22.jpeg?q=70', 'https://rukminim1.flixcart.com/image/128/128/k7xnukw0/t-shirt/9/j/3/m-fm3793-adidas-originals-original-imafqfm8vgh7hgzk.jpeg?q=70']",FALSE,TSHFZF6KZTHBEFC6,"[{'Type': 'Round Neck'}, {'Sleeve': 'Short Sleeve'}, {'Fit': 'Regular'}, {'Fabric': 'Cotton Viscose Blend'}, {'Pack of': '1'}, {'Style Code': 'FM3793'}, {'Neck Type': 'Round Neck'}, {'Ideal For': 'Men'}, {'Size': 'XXL'}, {'Pattern': 'Graphic Print'}, {'Suitable For': 'Western Wear'}, {'Brand Fit': 'Regular'}, {'Reversible': 'No'}, {'Secondary Color': 'White'}, {'Fabric Care': 'Machine wash as per tag'}, {'Model Name': 'TREFOIL T-SHIRT'}, {'Brand Color': 'PRIMIN'}]",RetailNet,"1,339",Topwear,Graphic Print Men Round Neck Light Green T-Shirt,https://www.flipkart.com/adidas-originals-graphic-print-men-round-neck-light-green-t-shirt/p/itm88abed407d5e9?pid=TSHFZF6KZTHBEFC6&lid=LSTTSHFZF6KZTHBEFC6D4PU9K&marketplace=FLIPKART&srno=b_1_15&otracker=browse&fm=organic&iid=dcad287e-3d1f-49d1-a819-813d6e6f7f04.TSHFZF6KZTHBEFC6.SEARCH&ssid=tgz5xs1ehc0000001612094268502
,e656c3ec-f254-581f-a22b-c4b0e4df3de4,"3,299",4,adidas Origina,Clothing and Accessories,"02/10/2021, 20:14:09",33% off,"Make getting out the door every day easy with the adidas R.Y.V. long sleeve t-shirt. Minimalist enough to go with everything, with unexpected pops of sport style for a strong impact.","['https://rukminim1.flixcart.com/image/128/128/k7p37gw0/t-shirt/5/4/x/l-fm2259-adidas-originals-original-imafpvmezegch2rz.jpeg?q=70', 'https://rukminim1.flixcart.com/image/128/128/k7p37gw0/t-shirt/5/4/x/m-fm2259-adidas-originals-original-imafpukgdpbszhxc.jpeg?q=70', 'https://rukminim1.flixcart.com/image/128/128/k7p37gw0/t-shirt/5/4/x/l-fm2259-adidas-originals-original-imafpvmefntzgysc.jpeg?q=70', 'https://rukminim1.flixcart.com/image/128/128/k7p37gw0/t-shirt/5/4/x/m-fm2259-adidas-originals-original-imafpukgztqzcyew.jpeg?q=70', 'https://rukminim1.flixcart.com/image/128/128/k7p37gw0/t-shirt/5/4/x/l-fm2259-adidas-originals-original-imafpvme2jbgrdhv.jpeg?q=70', 'https://rukminim1.flixcart.com/image/128/128/k7p37gw0/t-shirt/5/4/x/m-fm2259-adidas-originals-original-imafpvhuhnnahg2z.jpeg?q=70', 'https://rukminim1.flixcart.com/image/128/128/k7p37gw0/t-shirt/5/4/x/m-fm2259-adidas-originals-original-imafpukgsyfge5xc.jpeg?q=70', 'https://rukminim1.flixcart.com/image/128/128/k7p37gw0/t-shirt/5/4/x/l-fm2259-adidas-originals-original-imafpvmezrqvseyt.jpeg?q=70', 'https://rukminim1.flixcart.com/image/128/128/k7p37gw0/t-shirt/5/4/x/m-fm2259-adidas-originals-original-imafpukgjtdegvqa.jpeg?q=70', 'https://rukminim1.flixcart.com/image/128/128/k7p37gw0/t-shirt/5/4/x/l-fm2259-adidas-originals-original-imafpvmejfrzzwzg.jpeg?q=70', 'https://rukminim1.flixcart.com/image/128/128/k7p37gw0/t-shirt/5/4/x/m-fm2259-adidas-originals-original-imafpukgekfuj5p6.jpeg?q=70', 'https://rukminim1.flixcart.com/image/128/128/k7p37gw0/t-shirt/5/4/x/l-fm2259-adidas-originals-original-imafpvmeknpyg7jq.jpeg?q=70']",FALSE,TSHFZF6KHGF68RM4,"[{'Type': 'Round Neck'}, {'Sleeve': 'Full Sleeve'}, {'Fit': 'Regular'}, {'Fabric': 'Cotton Viscose Blend'}, {'Pack of': '1'}, {'Style Code': 'FM2259'}, {'Neck Type': 'Round Neck'}, {'Ideal For': 'Men'}, {'Size': 'XL'}, {'Pattern': 'Solid'}, {'Suitable For': 'Western Wear'}, {'Brand Fit': 'Regular'}, {'Reversible': 'No'}, {'Fabric Care': 'Machine wash as per tag'}, {'Model Name': 'F LS'}, {'Brand Color': 'BLACK'}]",RetailNet,"2,210",Topwear,Solid Men Round Neck Black T-Shirt,https://www.flipkart.com/adidas-originals-solid-men-round-neck-black-t-shirt/p/itm10600f68f7315?pid=TSHFZF6KHGF68RM4&lid=LSTTSHFZF6KHGF68RM4479Q7E&marketplace=FLIPKART&srno=b_1_22&otracker=browse&fm=organic&iid=dcad287e-3d1f-49d1-a819-813d6e6f7f04.TSHFZF6KHGF68RM4.SEARCH&ssid=tgz5xs1ehc0000001612094268502
,1edd9485-dc2e-5423-ae9a-c95476abc507,"1,999",3.9,adidas Origina,Clothing and Accessories,"02/10/2021, 20:14:09",53% off,"Quiet confidence wins. Keep it simple with this low-key adidas t-shirt. An embroidered Trefoil logo adds a touch of class to this soft, cotton jersey tee.","['https://rukminim1.flixcart.com/image/128/128/k7xnukw0/t-shirt/a/y/b/m-fm9966-adidas-originals-original-imafqfuy4r7hvqbr.jpeg?q=70', 'https://rukminim1.flixcart.com/image/128/128/k7xnukw0/t-shirt/a/y/b/m-fm9966-adidas-originals-original-imafqfuy2m78gt7f.jpeg?q=70', 'https://rukminim1.flixcart.com/image/128/128/k7xnukw0/t-shirt/a/y/b/m-fm9966-adidas-originals-original-imafqfuyf2j5xgnn.jpeg?q=70', 'https://rukminim1.flixcart.com/image/128/128/k7xnukw0/t-shirt/a/y/b/m-fm9966-adidas-originals-original-imafqfuypngwkhsv.jpeg?q=70', 'https://rukminim1.flixcart.com/image/128/128/k7xnukw0/t-shirt/a/y/b/m-fm9966-adidas-originals-original-imafqfuyxecucwnb.jpeg?q=70', 'https://rukminim1.flixcart.com/image/128/128/k7xnukw0/t-shirt/a/y/b/m-fm9966-adidas-originals-original-imafqfuyk7kbhkkg.jpeg?q=70']",FALSE,TSHFZF6KXUEAS5WS,"[{'Type': 'Round Neck'}, {'Sleeve': 'Short Sleeve'}, {'Fit': 'Regular'}, {'Fabric': 'Cotton Viscose Blend'}, {'Pack of': '1'}, {'Style Code': 'FM9966'}, {'Neck Type': 'Round Neck'}, {'Ideal For': 'Men'}, {'Size': 'S'}, {'Pattern': 'Solid'}, {'Suitable For': 'Western Wear'}, {'Brand Fit': 'Regular'}, {'Reversible': 'No'}, {'Fabric Care': 'Machine wash as per tag, Do not bleach'}, {'Model Name': 'ESSENTIAL TEE'}, {'Brand Color': 'WHITE'}]",RetailNet,920,Topwear,Solid Men Round Neck White T-Shirt,https://www.flipkart.com/adidas-originals-solid-men-round-neck-white-t-shirt/p/itme5a2321cfc3a1?pid=TSHFZF6KXUEAS5WS&lid=LSTTSHFZF6KXUEAS5WSSJN0AM&marketplace=FLIPKART&srno=b_1_23&otracker=browse&fm=organic&iid=dcad287e-3d1f-49d1-a819-813d6e6f7f04.TSHFZF6KXUEAS5WS.SEARCH&ssid=tgz5xs1ehc0000001612094268502
,0fae9bc5-dad8-56f1-b017-1c3b3ba74d2e,"1,999",3.9,adidas Origina,Clothing and Accessories,"02/10/2021, 20:14:10",33% off,"Hidden in plain sight. A modern take on a classic pattern, this t-shirt spotlights a camouflage adidas Trefoil logo. Create a contemporary look with heritage energy.","['https://rukminim1.flixcart.com/image/128/128/k7tdj0w0/t-shirt/9/d/u/m-fm3337-adidas-originals-original-imafpysryx7rsnyr.jpeg?q=70', 'https://rukminim1.flixcart.com/image/128/128/k7tdj0w0/t-shirt/9/d/u/m-fm3337-adidas-originals-original-imafpws8hfrz7kzz.jpeg?q=70', 'https://rukminim1.flixcart.com/image/128/128/k7tdj0w0/t-shirt/9/d/u/m-fm3337-adidas-originals-original-imafpws85hyzvy8q.jpeg?q=70', 'https://rukminim1.flixcart.com/image/128/128/k7tdj0w0/t-shirt/9/d/u/m-fm3337-adidas-originals-original-imafpws8uh5snjhn.jpeg?q=70', 'https://rukminim1.flixcart.com/image/128/128/k7tdj0w0/t-shirt/9/d/u/m-fm3337-adidas-originals-original-imafpws8rr5g6b5k.jpeg?q=70', 'https://rukminim1.flixcart.com/image/128/128/k7tdj0w0/t-shirt/9/d/u/m-fm3337-adidas-originals-original-imafpws8znkuhdfd.jpeg?q=70']",FALSE,TSHFZF6KZ4HCF9DU,"[{'Type': 'Round Neck'}, {'Sleeve': 'Short Sleeve'}, {'Fit': 'Regular'}, {'Fabric': 'Cotton Viscose Blend'}, {'Pack of': '1'}, {'Style Code': 'FM3337'}, {'Neck Type': 'Round Neck'}, {'Ideal For': 'Men'}, {'Size': 'XXL'}, {'Pattern': 'Printed'}, {'Suitable For': 'Western Wear'}, {'Brand Fit': 'Regular'}, {'Sleeve Type': 'Wide'}, {'Reversible': 'No'}, {'Fabric Care': 'Machine wash as per tag, Do not bleach'}, {'Model Name': 'CAMO INFILL TEE'}, {'Brand Color': 'WHITE/MULTCO'}]",RetailNet,"1,339",Topwear,Printed Men Round Neck White T-Shirt,https://www.flipkart.com/adidas-originals-printed-men-round-neck-white-t-shirt/p/itmaeaecbaf5e246?pid=TSHFZF6KZ4HCF9DU&lid=LSTTSHFZF6KZ4HCF9DUUKSCAR&marketplace=FLIPKART&srno=b_1_24&otracker=browse&fm=organic&iid=dcad287e-3d1f-49d1-a819-813d6e6f7f04.TSHFZF6KZ4HCF9DU.SEARCH&ssid=tgz5xs1ehc0000001612094268502
,3f91fd1d-9db1-5902-a9b3-d370892746dc,"2,999",4,adidas Origina,Clothing and Accessories,"02/10/2021, 20:14:15",33% off,Level up your look. Imagine yourself on a yacht in this pique polo shirt. The 3-Stripes are knit in to the collar for a classy vibe. An embroidered Trefoil logo keeps it legit adidas.,"['https://rukminim1.flixcart.com/image/128/128/k7xnukw0/t-shirt/z/8/q/m-fm9952-adidas-originals-original-imafqfqjntwxwaaa.jpeg?q=70', 'https://rukminim1.flixcart.com/image/128/128/k7xnukw0/t-shirt/z/8/q/m-fm9952-adidas-originals-original-imafqfqjjhyakdwb.jpeg?q=70', 'https://rukminim1.flixcart.com/image/128/128/k7xnukw0/t-shirt/z/8/q/m-fm9952-adidas-originals-original-imafqfqjfyccghdu.jpeg?q=70', 'https://rukminim1.flixcart.com/image/128/128/k7xnukw0/t-shirt/z/8/q/m-fm9952-adidas-originals-original-imafqfqjvtdc3gdr.jpeg?q=70', 'https://rukminim1.flixcart.com/image/128/128/k7xnukw0/t-shirt/z/8/q/m-fm9952-adidas-originals-original-imafqfqjnn36c8ce.jpeg?q=70']",FALSE,TSHFZF6KGMMYWQSN,"[{'Type': 'Polo Neck'}, {'Sleeve': 'Short Sleeve'}, {'Fit': 'Regular'}, {'Fabric': 'Cotton Viscose Blend'}, {'Pack of': '1'}, {'Style Code': 'FM9952'}, {'Neck Type': 'Polo Neck'}, {'Ideal For': 'Men'}, {'Size': 'S'}, {'Pattern': 'Solid'}, {'Suitable For': 'Western Wear'}, {'Brand Fit': 'Regular'}, {'Reversible': 'No'}, {'Fabric Care': 'Machine wash as per tag, Do not bleach'}, {'Model Name': 'PIQUE POLO'}, {'Brand Color': 'BLACK'}]",RetailNet,"2,009",Topwear,Solid Men Polo Neck Black T-Shirt,https://www.flipkart.com/adidas-originals-solid-men-polo-neck-black-t-shirt/p/itmae918d1b5cc78?pid=TSHFZF6KGMMYWQSN&lid=LSTTSHFZF6KGMMYWQSNX4LWSO&marketplace=FLIPKART&srno=b_1_35&otracker=browse&fm=organic&iid=dcad287e-3d1f-49d1-a819-813d6e6f7f04.TSHFZF6KGMMYWQSN.SEARCH&ssid=tgz5xs1ehc0000001612094268502
,76e64903-b0f4-5487-a7fb-4bcf59bcdff8,"1,999",3.9,adidas Origina,Clothing and Accessories,"02/10/2021, 20:14:15",47% off,"Quiet confidence wins. Keep it simple with this low-key adidas t-shirt. An embroidered Trefoil logo adds a touch of class to this soft, cotton jersey tee.","['https://rukminim1.flixcart.com/image/128/128/k7p37gw0/t-shirt/5/z/m/m-fm9968-adidas-originals-original-imafpvjnknhrffhj.jpeg?q=70', 'https://rukminim1.flixcart.com/image/128/128/k7p37gw0/t-shirt/5/z/m/m-fm9968-adidas-originals-original-imafpv58xsvhnfep.jpeg?q=70', 'https://rukminim1.flixcart.com/image/128/128/k7p37gw0/t-shirt/5/z/m/m-fm9968-adidas-originals-original-imafpv58bfnux6ur.jpeg?q=70', 'https://rukminim1.flixcart.com/image/128/128/k7p37gw0/t-shirt/5/z/m/m-fm9968-adidas-originals-original-imafpv58vuxvgshv.jpeg?q=70', 'https://rukminim1.flixcart.com/image/128/128/k7p37gw0/t-shirt/5/z/m/m-fm9968-adidas-originals-original-imafpv58syzqdhyg.jpeg?q=70', 'https://rukminim1.flixcart.com/image/128/128/k7p37gw0/t-shirt/5/z/m/m-fm9968-adidas-originals-original-imafpv58ehvyhnau.jpeg?q=70']",FALSE,TSHFZF6KF2GKH5ZM,"[{'Type': 'Round Neck'}, {'Sleeve': 'Short Sleeve'}, {'Fit': 'Regular'}, {'Fabric': 'Cotton Viscose Blend'}, {'Pack of': '1'}, {'Style Code': 'FM9968'}, {'Neck Type': 'Round Neck'}, {'Ideal For': 'Men'}, {'Size': 'M'}, {'Pattern': 'Solid'}, {'Suitable For': 'Western Wear'}, {'Brand Fit': 'Regular'}, {'Reversible': 'No'}, {'Fabric Care': 'Machine wash as per tag'}, {'Model Name': 'ESSENTIAL TEE'}, {'Brand Color': 'LUSRED'}]",RetailNet,"1,049",Topwear,Solid Men Round Neck Red T-Shirt,https://www.flipkart.com/adidas-originals-solid-men-round-neck-red-t-shirt/p/itm9e3632eb19e08?pid=TSHFZF6KF2GKH5ZM&lid=LSTTSHFZF6KF2GKH5ZMYYVUDO&marketplace=FLIPKART&srno=b_1_36&otracker=browse&fm=organic&iid=dcad287e-3d1f-49d1-a819-813d6e6f7f04.TSHFZF6KF2GKH5ZM.SEARCH&ssid=tgz5xs1ehc0000001612094268502
,cf2cc30f-052a-55a7-b338-91945510f800,"2,499",4.5,adidas Origina,Clothing and Accessories,"02/10/2021, 20:14:17",52% off,"Dedicated to those who break the rules, forget the rules or have no idea what the rules even are. This adidas skate t-shirt displays tripped-out graphics on the front. All-cotton jersey feels soft against your skin.","['https://rukminim1.flixcart.com/image/128/128/k7xnukw0/t-shirt/r/p/j/m-fm1447-adidas-originals-original-imafq29jsx89mjjd.jpeg?q=70', 'https://rukminim1.flixcart.com/image/128/128/k7xnukw0/t-shirt/r/p/j/m-fm1447-adidas-originals-original-imafq29jkhjeyxnf.jpeg?q=70', 'https://rukminim1.flixcart.com/image/128/128/k7xnukw0/t-shirt/r/p/j/m-fm1447-adidas-originals-original-imafq29jcyfekswh.jpeg?q=70', 'https://rukminim1.flixcart.com/image/128/128/k7xnukw0/t-shirt/r/p/j/m-fm1447-adidas-originals-original-imafq29jvfv2jnkg.jpeg?q=70', 'https://rukminim1.flixcart.com/image/128/128/k7xnukw0/t-shirt/r/p/j/m-fm1447-adidas-originals-original-imafq29jt4sgdnzw.jpeg?q=70', 'https://rukminim1.flixcart.com/image/128/128/k7xnukw0/t-shirt/r/p/j/m-fm1447-adidas-originals-original-imafq29jghfrukfh.jpeg?q=70']",FALSE,TSHFZF6KYCRZHEY2,"[{'Type': 'Round Neck'}, {'Sleeve': 'Short Sleeve'}, {'Fit': 'Regular'}, {'Fabric': 'Cotton Viscose Blend'}, {'Pack of': '1'}, {'Style Code': 'FM1447'}, {'Neck Type': 'Round Neck'}, {'Ideal For': 'Men'}, {'Size': 'M'}, {'Pattern': 'Graphic Print'}, {'Suitable For': 'Western Wear'}, {'Brand Fit': 'Regular'}, {'Sleeve Type': 'Wide'}, {'Reversible': 'No'}, {'Fabric Care': 'Machine wash as per tag, Do not bleach'}, {'Model Name': 'HANDDRIPTEE'}, {'Brand Color': 'WHITE'}]",RetailNet,"1,179",Topwear,Graphic Print Men Round Neck White T-Shirt,https://www.flipkart.com/adidas-originals-graphic-print-men-round-neck-white-t-shirt/p/itm6a26a4bfd380e?pid=TSHFZF6KYCRZHEY2&lid=LSTTSHFZF6KYCRZHEY2UU4FY6&marketplace=FLIPKART&srno=b_1_39&otracker=browse&fm=organic&iid=dcad287e-3d1f-49d1-a819-813d6e6f7f04.TSHFZF6KYCRZHEY2.SEARCH&ssid=tgz5xs1ehc0000001612094268502
,17142be6-72a0-578f-8c82-0bc52b3194c4,"2,299",3.9,adidas Origina,Clothing and Accessories,"02/10/2021, 20:14:20",33% off,"An instant classic since its introduction in the '70s, the 3-Stripes t-shirt is still going strong. This remastered men's version is cut in a slim fit and features 3-Stripes on the raglan sleeves. A Trefoil logo on the chest flashes adidas pride.","['https://rukminim1.flixcart.com/image/128/128/kfoapow0-0/t-shirt/w/h/w/xl-cw1203-adidas-originals-original-imafw2jycbavmddg.jpeg?q=70', 'https://rukminim1.flixcart.com/image/128/128/k7w8eq80/t-shirt/a/r/b/m-cw1203-adidas-originals-original-imafqf6gjh87sdaz.jpeg?q=70', 'https://rukminim1.flixcart.com/image/128/128/k7w8eq80/t-shirt/a/r/b/m-cw1203-adidas-originals-original-imafqf6gquvum4nu.jpeg?q=70', 'https://rukminim1.flixcart.com/image/128/128/k7w8eq80/t-shirt/a/r/b/m-cw1203-adidas-originals-original-imafqyp8gwg7xhgz.jpeg?q=70', 'https://rukminim1.flixcart.com/image/128/128/k7w8eq80/t-shirt/a/r/b/m-cw1203-adidas-originals-original-imafqyp84byeawvs.jpeg?q=70', 'https://rukminim1.flixcart.com/image/128/128/k7w8eq80/t-shirt/a/r/b/m-cw1203-adidas-originals-original-imafqyp8nuahj98a.jpeg?q=70']",TRUE,TSHFZF6KRWWZFF2F,"[{'Type': 'Round Neck'}, {'Sleeve': 'Short Sleeve'}, {'Fit': 'Regular'}, {'Fabric': 'Cotton Viscose Blend'}, {'Pack of': '1'}, {'Style Code': 'CW1203'}, {'Neck Type': 'Round Neck'}, {'Ideal For': 'Men'}, {'Size': 'XL'}, {'Pattern': 'Solid'}, {'Suitable For': 'Western Wear'}, {'Brand Fit': 'Regular'}, {'Reversible': 'No'}, {'Fabric Care': 'Machine wash as per tag'}, {'Model Name': '3-STRIPES TEE'}, {'Brand Color': 'WHITE'}]",,"1,540",Topwear,Solid Men Round Neck White T-Shirt,https://www.flipkart.com/adidas-originals-solid-men-round-neck-white-t-shirt/p/itm2fc2378a4b85e?pid=TSHFZF6KRWWZFF2F&lid=LSTTSHFZF6KRWWZFF2F1WBNWR&marketplace=FLIPKART&srno=b_2_45&otracker=browse&fm=organic&iid=0ef0c9a9-0240-4c70-952a-28d6fe6ccdb8.TSHFZF6KRWWZFF2F.SEARCH&ssid=tnv45k0wyo0000001612094269132
,74b9775f-4614-5c4f-b8e5-3dc6828e9776,"2,299",3.6,adidas Origina,Clothing and Accessories,"02/10/2021, 20:14:25",33% off,"A flashback to retro sport culture. This t-shirt has a technical look inspired by an adidas heritage design from the 1970s. For a modern update, it comes with a relaxed shape, and the 3-Stripes on one sleeve meet up with a Trefoil logo. Cotton jersey gives a soft, smooth feel.","['https://rukminim1.flixcart.com/image/128/128/kflftzk0-0/t-shirt/0/l/l/l-fm3798-adidas-originals-original-imafwyfcsh9ytmkw.jpeg?q=70', 'https://rukminim1.flixcart.com/image/128/128/k7tdj0w0/t-shirt/u/k/g/m-fm3798-adidas-originals-original-imafpx2hfpfhdute.jpeg?q=70', 'https://rukminim1.flixcart.com/image/128/128/k7tdj0w0/t-shirt/u/k/g/m-fm3798-adidas-originals-original-imafpx2h82nutsgp.jpeg?q=70', 'https://rukminim1.flixcart.com/image/128/128/k7tdj0w0/t-shirt/u/k/g/m-fm3798-adidas-originals-original-imafpx2htuaqcmjh.jpeg?q=70', 'https://rukminim1.flixcart.com/image/128/128/k7tdj0w0/t-shirt/u/k/g/m-fm3798-adidas-originals-original-imafpx2hge5kmt3r.jpeg?q=70', 'https://rukminim1.flixcart.com/image/128/128/k7tdj0w0/t-shirt/u/k/g/m-fm3798-adidas-originals-original-imafpysrkvkeznx5.jpeg?q=70']",FALSE,TSHFZF6KGHFQWYXW,"[{'Type': 'Round Neck'}, {'Sleeve': 'Short Sleeve'}, {'Fit': 'Regular'}, {'Fabric': 'Cotton Blend'}, {'Pack of': '1'}, {'Style Code': 'FM3798'}, {'Neck Type': 'Round Neck'}, {'Ideal For': 'Men'}, {'Size': 'XXL'}, {'Pattern': 'Solid'}, {'Suitable For': 'Western Wear'}, {'Brand Fit': 'Regular'}, {'Reversible': 'No'}, {'Fabric Care': 'Machine wash as per tag'}, {'Other Details': 'Striped Detail'}, {'Model Name': 'TECH TEE'}, {'Brand Color': 'NMARIN'}]",RetailNet,"1,540",Topwear,Solid Men Round Neck Dark Blue T-Shirt,https://www.flipkart.com/adidas-originals-solid-men-round-neck-dark-blue-t-shirt/p/itmec3e30aaf823d?pid=TSHFZF6KGHFQWYXW&lid=LSTTSHFZF6KGHFQWYXW4HP9JF&marketplace=FLIPKART&srno=b_2_56&otracker=browse&fm=organic&iid=0ef0c9a9-0240-4c70-952a-28d6fe6ccdb8.TSHFZF6KGHFQWYXW.SEARCH&ssid=tnv45k0wyo0000001612094269132
,f5f2e0db-4535-54af-86c9-274f9c331be3,499,4.8,Fresh Fe,Clothing and Accessories,"02/10/2021, 20:14:28",40% off,Fresh Feet combines the best of organically grown cotton with the comfort of modern day design incorporated with cutting-edge technology to produce socks that offer superior most comfort for every day usage at economical prices. The socks are designed and manufactured keeping in view the highest quality standards suitable for the European markets. Each pair of socks is knitted only from the best of class materials to ensure durability and withstand everyday wear and tear while offering maximum comfort. The socks are packaged in packs of 6 offering the best value for money to our loyal customers.,"['https://rukminim1.flixcart.com/image/128/128/k2xmd8w0/sock/d/h/h/free-athletic-socks-for-men-fresh-feet-original-imafmywynnm3a4d5.jpeg?q=70', 'https://rukminim1.flixcart.com/image/128/128/k2rwlu80/sock/m/z/r/free-ft-a-m-fresh-feet-original-imafjza7yrypm9hk.jpeg?q=70', 'https://rukminim1.flixcart.com/image/128/128/k2qh5zk0/sock/d/h/h/free-athletic-socks-for-men-fresh-feet-original-imafmyyqmpexzgzy.jpeg?q=70', 'https://rukminim1.flixcart.com/image/128/128/k2qh5zk0/sock/d/h/h/free-athletic-socks-for-men-fresh-feet-original-imafmyyqszvjqdz5.jpeg?q=70', 'https://rukminim1.flixcart.com/image/128/128/k2qh5zk0/sock/d/h/h/free-athletic-socks-for-men-fresh-feet-original-imafmyyqjgvgm6dh.jpeg?q=70']",FALSE,SOCFBBTZBDD73DHH,"[{'Color': 'Black'}, {'Pattern': 'Striped'}, {'Ideal For': 'Men'}, {'Fabric': 'Cotton Blend'}, {'Type': 'Ankle Length Socks'}, {'Number of Contents in Sales Package': 'Pack of 3'}, {'': 'Do not use brush.'}, {'Style Code': 'Athletic Socks for Men'}, {' ': '3 Pairs of Fresh Feet Ankle Socks.'}, {'Generic Name': 'Socks'}, {'Country of Origin': 'India'}]",RAVR India,299,Clothing Accessories,Men Striped Ankle Length  (Pack of 3),https://www.flipkart.com/fresh-feet-men-striped-ankle-length/p/itm0239301f9bac0?pid=SOCFBBTZBDD73DHH&lid=LSTSOCFBBTZBDD73DHHXOPBFT&marketplace=FLIPKART&srno=b_1_1&otracker=browse&fm=organic&iid=88c7aae5-da23-4e41-b8ab-1820472678e7.SOCFBBTZBDD73DHH.SEARCH&ssid=43clokgnk00000001612105956255
,88359656-8fd6-546e-85b7-652575352f07,499,4.2,Fresh Fe,Clothing and Accessories,"02/10/2021, 20:14:28",40% off,This Socks combines the best of organically grown cotton with the comfort of modern day design incorporated with cutting-edge technology to produce socks that offer superior most comfort for every day usage at economical prices. The socks are designed and manufactured keeping in view the highest quality standards suitable for the European markets. Each pair of socks is knitted only from the best of class materials to ensure durability and withstand everyday wear and tear while offering maximum comfort. The socks are packaged in packs of 6 offering the best value for money to our loyal customers.,"['https://rukminim1.flixcart.com/image/128/128/k2tc1ow0/sock/6/z/m/free-ft109-fresh-feet-original-imafmyvwmynzbgfn.jpeg?q=70', 'https://rukminim1.flixcart.com/image/128/128/k2qh5zk0/sock/6/z/m/free-ft109-fresh-feet-original-imafmyyqhxqgsndz.jpeg?q=70', 'https://rukminim1.flixcart.com/image/128/128/jpcxrww0/sock/6/z/m/free-ft109-fresh-feet-original-imafbd96fnpgnhyf.jpeg?q=70', 'https://rukminim1.flixcart.com/image/128/128/k2qh5zk0/sock/6/z/m/free-ft109-fresh-feet-original-imafmyyqktr9f3ct.jpeg?q=70', 'https://rukminim1.flixcart.com/image/128/128/k2qh5zk0/sock/6/z/m/free-ft109-fresh-feet-original-imafmyyqrcybg8jg.jpeg?q=70', 'https://rukminim1.flixcart.com/image/128/128/k2qh5zk0/sock/z/h/r/free-ft-111-fresh-feet-original-imafmyyqufmrnm3j.jpeg?q=70']",FALSE,SOCFBKYNQ7DMX6ZM,"[{'Color': 'Multicolor'}, {'Pattern': 'Solid'}, {'Ideal For': 'Men'}, {'Fabric': 'Cotton Blend'}, {'Type': 'Calf Length Socks'}, {'Number of Contents in Sales Package': 'Pack of 3'}, {'': 'Do not use brush.'}, {'Style Code': 'FT109'}, {' ': '3 Pairs of Socks'}, {'Generic Name': 'Socks'}, {'Country of Origin': 'India'}]",RAVR India,299,Clothing Accessories,Men Solid Calf Length  (Pack of 3),https://www.flipkart.com/fresh-feet-men-solid-calf-length/p/itm896354b7f478b?pid=SOCFBKYNQ7DMX6ZM&lid=LSTSOCFBKYNQ7DMX6ZM3IRY3T&marketplace=FLIPKART&srno=b_1_2&otracker=browse&fm=organic&iid=88c7aae5-da23-4e41-b8ab-1820472678e7.SOCFBKYNQ7DMX6ZM.SEARCH&ssid=43clokgnk00000001612105956255